Player,Class,Season,School,Conf,TS%,eFG%,ORB%,DRB%,TRB%,AST%,STL%,BLK%,TOV%,USG%,PProd,OWS,DWS,WS,OBPM,DBPM,BPM,Position,Height,Weight,Wingspan,Standing Reach,RSCI_Ranking,Draft_Age
Zion Williamson,FR,2019,Duke,ACC,0.702,0.708,12.7,18,15.5,14.9,3.9,5.8,12.8,28.6,663,5.5,2.8,8.3,13.4,6.7,20.1,PF,77.75,272,82.5,103,5,18.95
Anthony Davis,FR,2012,Kentucky,SEC,0.654,0.628,11.6,25.6,19,7.5,2.5,13.7,8.6,18.8,550,5.9,4.1,9.9,9.1,8.1,17.2,PF,81.25,221.8,89.5,108,1,19.3
Sindarius Thornwell,SR,2017,South Carolina,SEC,0.543,0.472,6.407,14.327,10.227,19.927,3.093,2.607,13.527,26.68,542.6,3.047,2.36,5.427,6.913,4.54,11.413,SG,75.5,211.6,82,103,36,22.6
Brandon Clarke,JR,2019,Gonzaga,WCC,0.699,0.693,13.9,19.6,17.1,12.3,2.3,11.3,11.3,23.9,603,5.5,3.2,8.8,9.8,6.5,16.3,SF,79.25,207.2,80.25,102,256,22.8
Frank Kaminsky,SR,2015,Wisconsin,Big Ten,0.606,0.57,7.527,21.327,14.56,15.727,1.773,5.053,9.307,25.947,526.2,5,2.227,7.227,8.853,4.8,13.653,C,83.75,231.2,83,109.5,187,22.22
Denzel Valentine,SR,2016,Michigan State,Big Ten,0.583,0.556,3.9,19.627,12.233,36.1,1.887,0.88,16.587,25.06,543.733,3.94,2.1,6.053,8.28,3.74,12.047,SG,76,210.4,82.75,102,92,22.6
Delon Wright,SR,2015,Utah,Pac-12,0.626,0.56,4.2,14.8,9.967,31.533,4.033,3.4,15.233,22.333,557.333,4.933,3.133,8.033,8,6.5,14.433,PG,76.25,181.4,79.5,101.5,187,23.16
Victor Oladipo,JR,2013,Indiana,Big Ten,0.623,0.591,10.786,15.571,13.229,14.386,4,2.471,18.129,22.529,422.714,3.243,2.029,5.214,6.629,4.757,11.386,SG,75.25,213.2,81.25,100.5,146,21.15
Kelly Olynyk,JR,2013,Gonzaga,WCC,0.659,0.635,11.767,22.033,17.133,13.733,1.567,3.8,17.167,27.7,409,3.5,1.567,5.133,7.567,2.7,10.2,PF,82.75,234,81.75,108,151,22.19
Jae Crowder,SR,2012,Marquette,Big East,0.587,0.562,7.833,21.3,14.533,12.8,3.8,3.167,7.667,22.333,505.667,4.133,2.633,6.767,7.8,4.6,12.433,SF,76.75,241.2,81.25,99.5,161,21.98
Otto Porter,SO,2013,Georgetown,Big East,0.586,0.544,7.4,20.5,14.1,15.967,3,3.033,10.667,21.867,424,3.667,2.767,6.367,6.867,5.033,11.967,SF,79.5,197.6,85.5,105.5,35,20.07
Trey Burke,SO,2013,Michigan,Big Ten,0.559,0.521,2.067,9.967,5.967,34.433,2.433,1.4,13.5,27.667,694.333,5.433,1.633,7.167,8,2.933,10.933,PG,71.75,187,77.5,97.5,108,20.62
Kemba Walker,JR,2011,Connecticut,Big East,0.543,0.478,3.9,11.5,7.9,28,3.1,0.5,9.5,32.4,930,7.3,2.4,9.7,9.2,3.9,13.1,PG,71.5,184,75.5,91.5,16,21.13
Cameron Johnson,SR,2019,North Carolina,ACC,0.648,0.621,6.5,13.3,10,13.8,2.1,1.1,10.3,21.8,545,4.3,1.9,6.2,9.4,3.5,12.9,SG,79,205.2,82,103,354,23.3
K.J. McDaniels,JR,2014,Clemson,ACC,0.546,0.5,9.171,14.843,12.071,9.914,2.386,8.529,12.829,26.657,427.714,2.543,2.271,4.786,5.714,4.514,10.171,SF,76.5,195.6,83.25,102,187,21.37
Buddy Hield,SR,2016,Oklahoma,Big 12,0.607,0.569,4.973,12.2,8.747,12.84,2.14,1.073,12.913,28.207,659.333,4.3,1.82,6.147,8.473,2.4,10.867,SG,75.75,212.4,81.25,101,111,22.52
Justin Anderson,JR,2015,Virginia,ACC,0.571,0.528,3.7,14.171,9.114,15.114,1.557,3.486,12.586,22.929,282.143,1.957,1.843,3.829,5.614,4.5,10.114,SF,77.25,230.6,83.75,101,48,21.6
Brice Johnson,SR,2016,North Carolina,ACC,0.614,0.588,11.4,26.013,18.873,8.84,2.06,5.467,11.787,24.867,496.533,3.713,2.147,5.86,6.447,3.653,10.1,PF,81,208.6,84.5,106.5,41,21.99
Grant Williams,JR,2019,Tennessee,SEC,0.606,0.544,9.229,16,12.814,16.143,1.743,5.671,13.571,26.643,595.286,4.229,2.043,6.286,6.343,3.714,9.986,PF,77.75,240.2,81.75,104.5,207,20.55
Willie Cauley-Stein,JR,2015,Kentucky,SEC,0.584,0.586,11.657,17.186,14.629,7,2.814,8.771,14.171,16.957,305,2.2,2.771,4.971,4.729,6.8,11.557,C,83.25,242.4,87,111,39,21.85
Kentavious Caldwell-Pope,SO,2013,Georgia,SEC,0.552,0.513,4.533,19.6,11.933,14.4,3.767,1.7,10.033,27.7,474.333,3.233,2.067,5.267,7.167,3.533,10.7,SG,76.5,203.6,80,100.5,15,20.35
Mike Muscala,SR,2013,Bucknell,Patriot,0.583,0.514,11.386,28.671,20.357,16.486,0.986,7.529,10.729,30.6,592.143,4.857,2.643,7.486,7.271,3.043,10.314,C,82.25,230.2,85,108,199,21.99
Derrick White,SR,2017,Colorado,Pac-12,0.627,0.578,3.5,10.5,7,28.6,2.2,4.9,14.2,25.3,603,4.5,1.4,5.9,9,3.4,12.4,PG,75.25,189.8,79.5,101.5,261,22.97
Kyle Wiltjer,SR,2016,Gonzaga,WCC,0.623,0.59,6.3,15.6,11.367,10.7,0.767,2.4,9.967,28.133,625,4.9,2.133,7.033,8.4,1.6,10,PF,80.75,242.8,84.25,102.5,19,23.67
Draymond Green,SR,2012,Michigan State,Big Ten,0.534,0.496,8.667,28.333,18.733,26.333,3,3.533,16.567,27.033,562.333,3.2,3.133,6.333,6.433,5.6,12,PF,77.75,235.6,85.25,105,95,22.32
Taurean Prince,SR,2016,Baylor,Big 12,0.549,0.513,8.829,14.986,11.943,13.186,2.729,2.857,15.614,27.571,434.857,2.2,1.471,3.671,5.414,2.243,7.657,SF,78.5,220.2,83.5,102,174,22.26
Derrick Williams,SO,2011,Arizona,Pac-10,0.69,0.65,11.8,21.9,17,8.7,1.9,2.3,15.7,28.9,675,6,1.9,7.9,9.6,2.5,12.1,PF,79.25,248.4,85.5,108,101,20.08
Jevon Carter,SR,2018,West Virginia,Big 12,0.544,0.499,2.853,12.733,7.513,28.587,4.553,1.073,14.02,22.38,561.6,3.447,2.687,6.08,5.587,5.327,10.913,PG,72.25,196.2,76.25,95,253,22.77
Josh Hart,SR,2017,Villanova,Big East,0.616,0.589,6.973,16.527,12.133,15.42,2.593,1.093,11.267,24.94,565.8,4.36,2.447,6.793,7.107,3.607,10.673,SG,75.75,209.2,80.25,101,97,22.3
Shabazz Napier,SR,2014,Connecticut,AAC,0.578,0.514,2.773,13.24,8.3,29.82,3.253,0.753,15.987,25.493,611.267,4.047,2.313,6.327,6.32,3.667,9.987,PG,71,175.2,75.25,93,85,22.95
Marcus Smart,SO,2014,Oklahoma State,Big 12,0.545,0.476,5.2,15.033,10.233,29,5.1,2,15.633,28.533,571.667,2.9,2.633,5.533,5.9,5.733,11.6,PG,74,227.2,81.25,99,9,20.31
John Jenkins,JR,2012,Vanderbilt,SEC,0.651,0.608,1.767,8.533,5.233,8.233,1.433,1,9.467,25.767,561.667,5.133,1.1,6.233,9.6,1.267,10.867,SG,75.25,212,80.5,98,29,21.31
Jarrod Uthoff,SR,2016,Iowa,Big Ten,0.558,0.517,5.9,17.371,11.7,9.129,1.829,7.829,7.829,25.643,453,2.914,1.929,4.843,7.2,3.871,11.071,PF,80.5,214.4,83.5,104,130,23.1
Jaren Jackson,FR,2018,Michigan State,Big Ten,0.647,0.595,8.8,19.7,15,9.3,1.6,14.3,17.4,23.5,347,2.3,2.2,4.6,4.4,7.3,11.7,PF,81.75,236,89.25,110,9,18.77
Sean Kilpatrick,SR,2014,Cincinnati,AAC,0.557,0.51,4.1,12.22,8.007,16.2,2.453,0.393,10.587,28.033,560.4,3.973,2.207,6.233,7.427,2.62,9.993,SG,74.5,218.7,79,99,151,24.47
Jared Sullinger,SO,2012,Ohio State,Big Ten,0.591,0.54,12.967,25.867,19.3,8.2,2.2,3.333,10.967,27.6,611.667,5,2.967,8.033,7.367,3.533,10.967,PF,79.75,268.2,85.25,105.5,2,20.32
Cody Zeller,SO,2013,Indiana,Big Ten,0.638,0.584,11.967,19.733,16.033,9.5,2.367,4.367,13.8,25.767,555,4.9,2.267,7.133,7.533,3.7,11.3,C,82.75,230,82.75,106,12,20.73
Jarrett Culver,SO,2019,Texas Tech,Big 12,0.548,0.517,5.333,16.9,11.433,21.967,2.6,2.567,13.567,28.833,604.333,2.833,3.1,5.933,6.033,4.667,10.6,SG,77.25,194.2,81.5,100.5,250,20.33
Erik Murphy,SR,2013,Florida,SEC,0.628,0.611,7.4,17.886,12.614,8.8,1.357,3.714,13.614,21.543,332,2.829,1.8,4.629,5.657,3.429,9.086,PF,80.75,239.8,82.5,108,42,22.67
Jordan Adams,SO,2014,UCLA,Pac-12,0.593,0.533,5.8,12.8,9.333,13.567,4.733,0.767,9.033,25.667,545,3.867,2,5.867,6.667,4.1,10.767,SG,75.5,208.8,82,102,59,19.97
Gorgui Dieng,JR,2013,Louisville,Big East,0.567,0.544,12.629,21.729,17.1,10.086,2.329,10.3,17.7,16.7,331.143,2.1,3.014,5.057,3.643,6.257,9.9,C,81.75,229.6,87.5,111.5,49,23.44
Ty Jerome,JR,2019,Virginia,ACC,0.56,0.537,1.471,12.786,7.357,28.943,3.014,0.171,13.629,22.186,441.286,3.143,2.586,5.729,4.943,4.971,9.971,PG,76.25,194.4,76,98,47,21.95
Russ Smith,SR,2014,Louisville,AAC,0.55,0.501,3.314,9.5,6.343,27.2,4.343,0.3,14.771,31.957,639,3.571,2.814,6.329,5.929,4.486,10.414,PG,71.5,160,75.5,95,151,23.19
James Southerland,SR,2013,Syracuse,Big East,0.574,0.559,5.314,15.643,10.371,6.6,2.929,4.529,7.486,20.429,296.143,2.471,1.786,4.257,6.143,4.229,10.429,SF,79,220.6,85,106,199,23.16
Jeff Withey,SR,2013,Kansas,Big 12,0.619,0.567,9.267,21.5,15.8,6,1.433,14.233,15.033,20.2,426.667,3.167,3,6.2,4.633,6.867,11.5,C,82.75,221.8,86,110.5,29,23.31
Jordan Hamilton,SO,2011,Texas,Big 12,0.55,0.522,7,18.5,12.9,14.6,1.6,1.8,11.2,29.1,612,4,2.7,6.7,8.3,3.1,11.4,SF,78.75,228.4,81.5,104,30,20.71
Malcolm Brogdon,SR,2016,Virginia,ACC,0.564,0.506,2.313,13.753,8.207,18.267,1.793,1.013,10.293,26.593,525.333,3.853,2.3,6.14,6.087,3.613,9.687,SG,75.75,223,82.5,98,80,23.53
Sam Dekker,JR,2015,Wisconsin,Big Ten,0.59,0.568,7.786,15.2,11.557,9.786,1.357,1.657,8.343,22.986,471.571,4.129,1.829,5.957,7.543,2.271,9.871,SF,79.75,218.6,83.5,106,17,21.14
Keita Bates-Diop,JR,2018,Ohio State,Big Ten,0.571,0.538,5.414,21.414,13.8,9.414,1.6,5.557,10.214,25.071,465.286,2.714,2.043,4.771,5.957,3.257,9.186,SG,79.25,223.8,87.25,106.5,25,22.41
Reggie Bullock,JR,2013,North Carolina,ACC,0.602,0.588,6.7,16.267,11.167,14,1.933,0.867,10.333,17.633,410.333,3.433,1.6,5.067,6.867,2.933,9.867,SG,77.75,199.8,80.75,102,14,22.28
Donovan Mitchell,SO,2017,Louisville,ACC,0.532,0.495,4.667,13.1,8.9,15.933,3.3,1.333,10.833,23.367,412.333,2.467,2.033,4.533,4.7,5.133,9.767,SG,73.25,211.4,82,97,32,20.79
Trae Young,FR,2018,Oklahoma,Big 12,0.585,0.518,1.3,10,5.8,48.6,2.5,0.7,18.2,37.1,935,4.6,1.1,5.7,9.7,1.3,11.1,PG,72.5,177.8,75,95.5,21,19.75
Kyle Anderson,SO,2014,UCLA,Pac-12,0.539,0.488,5.667,25.333,15.733,29.8,3.2,2.733,18.5,22.733,531.333,2.567,2.467,4.967,5.2,4.433,9.7,SF,79.5,230.1,86.75,107.5,3,20.76
Mohamed Bamba,FR,2018,Texas,Big 12,0.593,0.567,12.2,28.2,20.2,3.6,1.5,13.1,12.3,21.3,377,2.4,2.4,4.8,5,5.9,10.9,C,83.25,225.6,94,115.5,4,20.11
Doug McDermott,SR,2014,Creighton,Big East,0.654,0.614,7.253,19.78,14.013,11.16,0.413,0.387,10.28,34.44,733.333,6.007,1.413,7.413,10.567,-0.473,10.093,SF,78.25,218,81.25,103,151,22.48
Marcus Morris,JR,2011,Kansas,Big 12,0.625,0.601,11.5,19,15.5,11.4,1.7,2.4,11.4,26.9,600,4.9,2.3,7.2,8,2.9,10.9,PF,79,229.6,82,105.5,46,21.8
Jordan Bell,JR,2017,Oregon,Pac-12,0.624,0.616,10.771,21.5,16.386,11.086,2.6,8.957,19.686,17.1,345,2.243,2.371,4.614,3.7,5.471,9.186,PF,79,223.6,83.75,104.5,119,22.46
De'Andre Hunter,SO,2019,Virginia,ACC,0.607,0.565,6.233,13.933,10.3,12.6,1.433,2.5,10.233,24.633,457.333,3.867,2.3,6.1,6.733,3.733,10.467,SF,79,225,86,105,80,21.55
Dion Waiters,SO,2012,Syracuse,Big East,0.551,0.517,2.467,8.5,5.533,19.9,4.467,1.267,11.067,25.267,357,2.533,1.467,4.067,4.567,4.6,9.167,SG,74.5,221,79.25,98,23,20.55
T.J. Warren,SO,2014,NC State,ACC,0.595,0.58,10.4,11.4,10.933,7.7,2.933,1.7,9.7,30.167,643.333,4.267,1.4,5.7,8.167,1.667,9.833,SF,79,220.2,82.25,104,26,20.8
Nick Johnson,JR,2014,Arizona,Pac-12,0.542,0.495,2.514,11.757,7.214,18.529,2.486,1.971,12.7,23.786,487.857,2.914,2.543,5.471,4.329,4.514,8.829,SG,73.5,198,79.25,96.5,24,21.51
Tyler Zeller,SR,2012,North Carolina,ACC,0.611,0.552,13,19.667,16.3,5.667,1.6,4.933,11.533,24.2,562.333,4.433,2.367,6.767,6.567,3.8,10.367,PF,83.25,247.4,84,104.5,19,22.44
Ron Baker,SR,2016,Wichita State,MVC,0.569,0.524,2.429,14.8,8.4,20.243,2.786,2.586,10.443,22.957,468.571,3.314,2.857,6.157,5.957,4.471,10.414,SG,75.25,212.4,81.75,97.5,174,23.23
Zach Collins,FR,2017,Gonzaga,WCC,0.703,0.676,12.1,23.3,18.4,4.4,1.5,9.8,17.8,24.8,359,2.6,2.4,5,4.6,6,10.6,PF,82.25,232.2,85,111,36,19.59
JaJuan Johnson,SR,2011,Purdue,Big Ten,0.564,0.509,7.9,20.2,14.1,6.4,1.5,6.7,8.3,29.1,617,4.3,2.9,7.2,7,3.5,10.5,PF,81,219.8,86,107.5,171,22.37
Ben McLemore,FR,2013,Kansas,Big 12,0.633,0.586,5,13.2,9.4,12.6,1.8,2.2,14.2,23.2,530,4.2,2.3,6.5,7.2,3.4,10.5,SG,75.5,189.2,79.75,100.5,41,20.37
Jordan McRae,SR,2014,Tennessee,SEC,0.55,0.5,2.829,11.143,6.929,16.457,1.414,3.171,13.157,28.629,531.857,3.314,1.657,4.914,6.029,2.014,7.986,SG,75.75,179.4,84.5,104,39,23.25
Monte Morris,SR,2017,Iowa State,Big 12,0.562,0.53,3.08,10.053,6.713,29.787,2.567,0.833,9.213,20.093,576.6,4.26,1.593,5.893,6.253,3.02,9.26,PG,73.25,175.2,76,96.5,96,21.99
Chinanu Onuaku,SO,2016,Louisville,ACC,0.612,0.619,13.233,22.633,17.967,10.5,2.1,8.833,25.033,17.267,251.333,1.3,2.1,3.467,2.467,6.1,8.633,C,81,245.2,86.75,108.5,63,19.64
Chris Boucher,SR,2017,Oregon,Pac-12,0.604,0.596,10.133,20.2,15.433,3.3,1.267,11.8,9.767,22.6,356,2.467,1.933,4.4,4.767,4,8.8,PF,80,182.2,88,110.5,261,24.44
Jakob Poeltl,SO,2016,Utah,Pac-12,0.653,0.658,13.267,21.4,17.667,11.467,1.067,6.2,15.2,24.133,499,3.967,1.967,5.933,6.233,3.267,9.5,C,84.25,239,86.75,111.5,253,20.69
Mike Scott,SR,2012,Virginia,ACC,0.62,0.571,9.7,26.2,18,10.7,1.4,1.8,12.6,30.9,522,4.2,2.6,6.8,7.7,2.6,10.4,PF,79.25,240.8,82.75,104,130,23.95
Miles Bridges,SO,2018,Michigan State,Big Ten,0.575,0.544,5.367,19.833,13.333,16.1,1.2,3.3,12.367,27.167,493,2.8,2.033,4.867,6.367,2.867,9.233,SF,77.25,220.4,81.5,103.5,12,20.25
Marshon Brooks,SR,2011,Providence,Big East,0.584,0.542,6.3,14.2,10.2,16,2.3,3,12.7,30.6,720,4.8,1.2,5.9,8.8,1.5,10.3,SG,76.25,194.6,85,101,171,22.4
Gary Harris,SO,2014,Michigan State,Big Ten,0.569,0.53,3.9,9.067,6.633,14.467,3.2,1.3,10.867,25.233,489.667,3.167,1.867,5.033,6.2,3.6,9.767,SG,74.5,204.8,78.75,96,18,19.78
Luke Kennard,SO,2017,Duke,ACC,0.605,0.554,3.967,11.633,7.933,12.667,1.633,0.8,8.467,23.1,581.667,4.633,1.367,6,7.033,1.833,8.8,SG,76.5,196.2,77.25,98.5,21,20.99
Markieff Morris,JR,2011,Kansas,Big 12,0.642,0.627,13.9,24.7,19.7,11,1.9,4.9,16.2,25.5,485,3.6,2.4,6,6.7,3.6,10.3,PF,79.75,240.8,82.75,106.5,52,21.8
Tyler Ulis,SO,2016,Kentucky,SEC,0.562,0.5,1.9,6.833,4.533,31.933,2.4,0.267,13.167,20.033,527.667,4.3,1.833,6.133,6.633,3.333,9.967,PG,68.75,149.2,74,88.5,18,20.47
Dylan Windler,SR,2019,Belmont,OVC,0.667,0.643,6.747,24.6,16.26,13.107,2.033,2.307,13.5,22.48,532.2,4.02,2.1,6.113,6.46,1.753,8.187,SF,78.25,195.8,82,104.5,354,22.74
Jalen Brunson,JR,2018,Villanova,Big East,0.633,0.595,1.629,8.686,5.329,25.386,1.7,0.057,13.1,24.8,634.857,5.014,1.671,6.657,6.686,2.171,8.857,PG,73,198.4,76,96,19,21.8
Norris Cole,SR,2011,Cleveland State,Horizon,0.558,0.483,2.5,16.5,9.5,37,3.7,0.3,12.2,32.1,788,5.6,2.7,8.3,6.7,3.5,10.2,PG,72.25,174.4,74.25,95.5,171,22.69
Kris Dunn,JR,2016,Providence,Big East,0.543,0.502,3.3,15.233,9.167,44.533,4.5,1.633,20.067,28.067,574.667,2.3,2.3,4.6,4.733,5.367,10.133,PG,75,205,81.5,100,19,22.27
Terrence Jones,SO,2012,Kentucky,SEC,0.535,0.505,10.133,19.033,14.8,9.233,2.533,5.867,12.2,24.333,504,3.1,2.733,5.833,4.867,4.567,9.5,PF,80.25,252,86.25,107,10,20.47
E'Twaun Moore,SR,2011,Purdue,Big Ten,0.545,0.518,5.1,12.5,8.8,20.9,2.2,1.6,9.8,28,573,3.7,2.2,5.9,7.1,3.1,10.2,SG,74.5,191.4,81.5,99.5,24,22.31
Kenrich Williams,SR,2018,TCU,Big 12,0.564,0.545,10.6,21.129,15.929,16.2,2.657,1.914,13.271,17.957,435.857,2.971,1.8,4.771,5.629,3.386,9.014,SF,78,200.4,79.25,103.5,253,23.55
Dorian Finney-Smith,SR,2016,Florida,SEC,0.555,0.524,9.471,18.486,13.871,13.743,1.814,2.786,13.5,23.6,444,2.514,2.071,4.586,5.9,3.286,9.1,SF,78.5,212.6,83.75,105.5,23,23.14
Jaxson Hayes,FR,2019,Texas,Big 12,0.739,0.728,8.7,16.3,12.5,2.6,1.5,10.6,11.8,17.2,280,2.8,1.5,4.3,4.6,5.5,10.1,PF,82.25,218.6,87.5,110.5,126,19.07
Ja Morant,SO,2019,Murray State,OVC,0.598,0.537,4.7,13.633,9.467,45.567,2.333,1.967,19.733,29,776.333,5.033,2.233,7.3,6.833,1.567,8.4,PG,74.5,175,78,99,250,19.86
Justise Winslow,FR,2015,Duke,ACC,0.572,0.551,5.4,19.8,13.1,13.2,2.8,2.9,14.2,22.9,473,3.1,2.5,5.5,5.3,4.6,10,SF,76.5,221.8,82.25,104.5,14,19.25
Grayson Allen,SR,2018,Duke,ACC,0.582,0.529,2.18,9.433,5.987,20.147,2.3,0.3,13.3,22.86,546.133,3.793,1.58,5.327,5.307,2.467,7.787,SG,75,198,79.25,97,24,22.7
John Collins,SO,2017,Wake Forest,ACC,0.635,0.597,15.167,22.633,18.967,4.167,1.233,6.067,12.033,27.9,456,3.433,0.8,4.233,6.733,0.767,7.433,PF,80.25,225.2,83.25,106.5,134,19.75
Kevin Jones,SR,2012,West Virginia,Big East,0.549,0.523,11.867,20.567,15.8,7.633,1.067,2.5,7.033,23.233,531.333,4.567,1.633,6.133,7.7,0.833,8.433,PF,78.25,251.2,85.5,105,50,22.84
Cameron Payne,SO,2015,Murray State,OVC,0.557,0.516,1.833,10.833,6.5,38.067,3.4,1.633,13.867,30.8,677,4.5,1.7,6.2,6.633,0.933,7.567,PG,72.75,182.8,79.25,97.5,261,20.88
Nolan Smith,SR,2011,Duke,ACC,0.564,0.508,4.1,10.1,7.2,30.3,2,0.2,14.8,30.7,779,5.1,2.3,7.4,7.5,2.3,9.9,PG,73.5,187.6,77.5,99,19,22.91
Will Barton,SO,2012,Memphis,CUSA,0.559,0.526,6.867,17.767,12.567,18.1,2.567,1.933,13.933,25.133,553.667,3.5,2.3,5.8,5.1,2.467,7.633,SG,77,174.4,81.75,102.5,9,21.48
Seth Curry,SR,2013,Duke,ACC,0.601,0.556,2.371,7.143,4.771,12.1,2.086,0.529,10.329,22.786,472.714,3.771,1.214,4.986,6.586,2.286,8.886,SG,73,179.2,76,97.5,199,22.84
Jon Leuer,SR,2011,Wisconsin,Big Ten,0.568,0.526,6.3,22.6,14.1,12.8,1,3.1,9,31.1,558,4.6,1.7,6.3,7.9,1.8,9.8,PF,82,223.2,84,105.5,89,22.11
Damian Lillard,JR,2012,Weber State,Big Sky,0.635,0.562,1.9,15.8,9,27.1,2.5,0.7,10.7,33,746,6.7,1.4,8,9.1,0.7,9.8,PG,73.75,188.8,79.75,95.5,199,21.95
Klay Thompson,JR,2011,Washington State,Pac-10,0.574,0.525,2.6,14,8.6,25,2.8,3.1,15.3,32.8,694,3.7,2.2,5.8,6.8,3,9.8,SG,77.75,205.6,81,103.5,61,21.37
Cameron Bairstow,SR,2014,New Mexico,MWC,0.577,0.519,9.973,16.78,13.54,9.453,1.293,4.173,12.813,25.033,449,3.087,1.68,4.767,3.947,2.367,6.3,PF,80.75,252.4,84.75,107,151,23.55
Justin Harper,SR,2011,Richmond,A-10,0.642,0.618,6.5,18.6,12.8,8.9,1.2,4,9.8,26.8,561,4.8,2.3,7.1,8.2,1.5,9.7,PF,80,228,83.75,106,171,21.81
Bernard James,SR,2012,Florida State,ACC,0.61,0.623,13,20.4,16.833,3.233,1.833,10.833,18.467,19.767,327,1.833,2.233,4.067,3.633,4.667,8.3,PF,80.75,229.8,87,108.5,161,27.39
Branden Dawson,SR,2015,Michigan State,Big Ten,0.541,0.54,11.529,20.243,16,11.271,2.857,5.371,16.314,22.214,359.714,1.714,2.286,3.943,4.2,4.443,8.657,PF,77.5,230.2,83,105,20,22.39
Charles Jenkins,SR,2011,Hofstra,CAA,0.635,0.585,1.8,8.8,5.3,31.5,2.9,1.9,11.1,28.7,706,6.4,0.9,7.3,8.4,1.2,9.6,PG,73.5,216.4,79.5,96.5,171,22.31
Alec Peters,SR,2017,Valparaiso,Horizon,0.615,0.561,8.173,20.94,14.827,12.3,1.34,1.113,11.173,27.8,587.4,4.36,2.14,6.493,7.173,0.853,8.04,PF,79.25,232,82.75,105,261,22.19
Iman Shumpert,JR,2011,Georgia Tech,ACC,0.517,0.454,5.7,16.4,10.6,25.7,5,0.7,12.2,29.1,528,2.8,2.1,4.9,5.4,4.2,9.6,PG,76.25,221.8,81.5,99.5,24,20.99
Nate Wolters,SR,2013,South Dakota State,Summit,0.578,0.521,3.486,15.171,9.186,35.357,2.757,0.386,10.843,30.371,736.286,6.329,1.514,7.757,7.371,0.971,8.357,PG,75.5,196.4,75.75,98,199,22.12
Montrezl Harrell,JR,2015,Louisville,ACC,0.587,0.588,10.8,18.757,14.743,7.957,1.757,4.186,11.943,21.471,467.143,3.186,2.843,6.043,5.5,3.471,8.971,PF,79,253.4,88.25,109,83,21.41
Mason Plumlee,SR,2013,Duke,ACC,0.602,0.59,10.657,25.257,17.986,11.357,1.729,4.586,18.543,22.257,502.143,3.3,2.386,5.686,4.957,3.714,8.671,C,83.25,238.2,83,108,18,23.31
Jarnell Stokes,JR,2014,Tennessee,SEC,0.566,0.53,15.967,23.533,19.7,12.767,1.433,3.3,14.267,24.6,524.333,3.7,2.3,6,6.467,2.033,8.5,PF,79,262.8,85.25,103.5,187,20.47
Devin Booker,FR,2015,Kentucky,SEC,0.6,0.571,2.6,7.8,5.4,10.9,1.3,0.3,10.4,22.8,324,2.7,1.8,4.5,6.1,3.3,9.4,SG,76.5,205.8,80.25,102.5,20,18.65
Jimmy Butler,SR,2011,Marquette,Big East,0.587,0.516,8.2,12,10.1,13.2,2.4,1.1,9.8,21.3,569,4.8,1.5,6.3,7.2,2.2,9.4,SF,78,222.2,79.5,101.5,171,21.77
Michael Carter-Williams,SO,2013,Syracuse,Big East,0.491,0.438,4,12.7,8.2,40.1,4.7,1.8,22.2,22.2,580,2.7,3.5,6.1,4,5.5,9.4,PG,76.75,184.4,79.25,101,28,21.71
Damyean Dotson,SR,2017,Houston,AAC,0.616,0.597,5.767,17.8,11.733,7.167,1.5,0.633,7.367,22.033,457,3.8,1.767,5.6,7.8,0.933,8.633,SG,76.5,205.2,81,100,261,23.13
Markelle Fultz,FR,2017,Washington,Pac-12,0.558,0.535,4,13.9,8.9,35.5,2.5,3.1,13.4,31.4,582,3.3,0.6,3.9,7.7,1.7,9.4,PG,75,185,81,101,4,19.07
Rondae Hollis-Jefferson,SO,2015,Arizona,Pac-12,0.563,0.507,9.467,18.633,14.233,10.4,2.2,3.7,13.167,20.3,409,2.833,2.8,5.567,4,5.133,9.167,SF,77.5,210.8,86,104,14,20.47
Stanley Johnson,FR,2015,Arizona,Pac-12,0.551,0.501,8.9,19.1,14.1,11.6,3.2,1.6,14.7,26.6,509,2.8,2.9,5.7,5,4.4,9.4,SF,77,241.8,83.5,102,4,19.07
Tony Mitchell,SO,2013,North Texas,Sun Belt,0.53,0.487,8.4,23.1,15.4,5.7,1.8,8.5,16.6,22.7,395,1.6,1.8,3.3,1,1.2,2.2,PF,79.5,236.4,86.5,106.5,18,23.89
Tony Mitchell,SO,2013,North Texas,Sun Belt,0.53,0.487,8.4,23.1,15.4,5.7,1.8,8.5,16.6,22.7,395,1.6,1.8,3.3,1,1.2,2.2,PF,79.5,236.4,86.5,106.5,18,21.22
Andrew Nicholson,SR,2012,St. Bonaventure,A-10,0.63,0.593,9.533,23.067,16.4,9.167,1.2,6.367,15.1,30.2,529.333,3.8,1.567,5.433,6.133,1.567,7.767,PF,80.5,234,88,107,161,22.55
Terry Rozier,SO,2015,Louisville,ACC,0.507,0.464,4,13.833,8.867,18.667,3.4,0.433,10.367,24.967,481.333,2.533,2.633,5.167,4.233,4.5,8.7,PG,72.5,190.2,80.25,98.5,18,21.27
Caleb Swanigan,SO,2017,Purdue,Big Ten,0.591,0.547,9.633,30.9,21.033,17,0.8,1.967,19.533,26.733,540.333,2.7,2.367,5.133,4.1,3.067,7.1,PF,79.5,245.6,87,108,18,20.18
Nikola Vucevic,JR,2011,Southern California,Pac-10,0.578,0.539,9.8,25.6,17.7,11,0.9,4.4,10.3,25.5,558,4.2,2.4,6.6,6.7,2.8,9.4,PF,82.25,259.8,88.5,112.5,161,20.66
Tyus Jones,FR,2015,Duke,ACC,0.575,0.489,1.8,9.9,6.1,27.5,2.7,0.2,15.9,18.7,532,4.4,2.1,6.5,6,3.3,9.3,PG,72.5,184.6,77,97,6,19.12
Semi Ojeleye,JR,2017,Southern Methodist,AAC,0.621,0.572,8.4,15,11.9,9.3,0.8,1.6,8.5,25.9,595,5.5,2.2,7.7,8.3,1.1,9.3,SF,77.25,241.4,81.75,102,32,22.55
Nik Stauskas,SO,2014,Michigan,Big Ten,0.639,0.59,1.767,9.333,5.567,15.067,1.067,0.867,11.833,22.033,522.667,4.467,1.1,5.633,7.5,1.2,8.7,SG,77.25,206.9,79.75,102,77,20.72
Myles Turner,FR,2015,Texas,Big 12,0.556,0.488,7.2,24.9,16.7,6.2,0.8,12.3,13.2,25.1,310,1.9,2.1,4,3.4,6,9.3,C,81.75,238.6,88,112,5,19.25
Jawun Evans,SO,2017,Oklahoma State,Big 12,0.535,0.475,2.8,11,6.8,43.6,3.3,0.5,13.6,32.7,659,4,0.8,4.8,8,1.2,9.2,PG,70.75,185.2,77.5,95,26,20.91
JaMychal Green,SR,2012,Alabama,SEC,0.578,0.536,11.467,19.767,15.667,14,2.133,6.733,17.9,28.4,402,2.267,2.1,4.367,4.567,4.233,8.8,PF,80,217.4,86.25,106.5,18,22.02
Kawhi Leonard,SO,2011,San Diego State,MWC,0.512,0.471,11.4,26.2,19,16,2.7,1.9,12.3,27.6,567,3.6,3.2,6.8,5.3,3.9,9.2,SF,78,227.4,87,106,54,19.98
Moritz Wagner,JR,2018,Michigan,Big Ten,0.629,0.616,7.229,20.4,13.9,5.6,2.171,1.971,12.671,24.543,412.429,2.657,1.9,4.586,4.214,2.914,7.129,C,82.5,241.4,84,108,113,21.15
Dillon Brooks,JR,2017,Oregon,Pac-12,0.573,0.537,5.886,10.614,8.357,20.4,2.086,1.8,13.629,28.686,540.714,3.114,1.529,4.671,5.386,2.114,7.471,SG,77,220.2,78,100.5,253,21.42
Joe Harris,SR,2014,Virginia,ACC,0.574,0.549,3.227,11.413,7.347,16.367,1.993,1.26,11.86,24.107,418.267,2.74,2.227,4.967,4.867,3.347,8.213,SG,76.75,215,78,100,127,22.8
Shane Larkin,SO,2013,Miami (FL),ACC,0.568,0.525,1.933,10.833,6.333,23.8,3.5,0.3,17.367,20.533,443,3.167,1.9,5,3.6,3.5,7.133,PG,70.25,170.8,70.75,89.5,95,20.73
Larry Nance,SR,2015,Wyoming,MWC,0.587,0.539,6.42,22.287,14.867,15.58,2.48,4.82,13.753,25.487,408.267,2.513,2.367,4.893,3.56,3.347,6.933,PF,79.5,226.6,85.5,108,187,22.48
Andre Roberson,JR,2013,Colorado,Pac-12,0.548,0.537,11.829,29.557,20.786,8.857,3.471,5.171,17.414,19.557,361.286,1.871,2.771,4.614,3.743,4.286,8.057,PF,78.25,205.8,83,104.5,151,21.56
Donte DiVincenzo,SO,2018,Villanova,Big East,0.599,0.579,5.1,13.533,9.533,17.333,2.067,0.9,15.367,21.267,478.333,3.1,1.767,4.867,5.267,3.033,8.3,SG,75.5,200.6,78,97.5,256,21.39
Cleanthony Early,SR,2014,Wichita State,MVC,0.606,0.551,7.433,17.867,12.767,6.1,1.8,3.667,12.333,28.7,500,3.6,2.233,5.833,6.1,2.267,8.367,SF,78,209.4,82.75,101.5,151,23.19
Shai Gilgeous-Alexander,FR,2018,Kentucky,SEC,0.578,0.516,3.2,10,6.8,28.8,2.8,1.7,17.9,21.9,571,3.3,1.9,5.2,5.3,3.7,9,PG,76.5,180,83.5,104,33,19.94
Jerian Grant,SR,2015,Notre Dame,ACC,0.563,0.509,1.343,8.471,5.071,32.214,2.557,1.043,14.814,23.571,609,4.643,1.443,6.114,5.6,1.614,7.214,PG,75.25,198,79.5,100,111,22.71
John Henson,JR,2012,North Carolina,ACC,0.504,0.5,10.233,26.5,18.333,7.267,1.133,10.267,10.8,23.267,431.667,1.967,2.7,4.667,3.633,5.1,8.733,PF,81,216,89,112,4,21.5
Chris Singleton,JR,2011,Florida State,ACC,0.531,0.495,8.2,17,12.8,8.9,3.9,5.9,15,24.5,344,1.5,2.4,3.9,3.3,5.6,9,SF,79.75,230.2,85,103.5,15,21.59
Nickeil Alexander-Walker,SO,2019,Virginia Tech,ACC,0.582,0.549,2.4,13.333,8.1,19.933,2.9,2.367,16.233,25,470.667,2.5,2.067,4.467,4.267,3.367,7.567,SG,76.25,203.8,81.5,102,34,20.8
Ignas Brazdeikis,FR,2019,Michigan,Big Ten,0.573,0.531,4.6,16.1,10.5,6.1,1.5,1.7,8.8,26.1,486,2.8,2.7,5.5,5.3,3.7,8.9,SF,77.75,220.8,81.25,102,108,20.45
Markel Brown,SR,2014,Oklahoma State,Big 12,0.563,0.514,3.04,13.407,8.327,16.453,1.78,2.947,11.947,22.787,487,2.913,1.847,4.74,4.847,2.607,7.44,SG,74.5,184.4,80.75,100,142,22.41
Treveon Graham,SR,2015,Virginia Commonwealth,A-10,0.544,0.504,8.193,19.56,13.433,12.807,1.553,0.967,8.933,27.207,490.867,3.187,1.693,4.96,7.113,1,8.16,SF,76,219.4,82.5,103,187,21.66
Tyler Herro,FR,2019,Kentucky,SEC,0.58,0.536,1.6,13.9,8.2,15,2,1.1,11.8,21.4,479,3.3,2.1,5.4,5.1,3.8,8.9,SG,76.5,192.4,75.25,100.5,40,19.41
Travis Leslie,JR,2011,Georgia,SEC,0.561,0.51,12.2,13.6,12.9,20.6,2.3,2,14.3,24.4,486,3.4,1.7,5.2,6.5,2.3,8.9,SG,75,205,82.5,103,147,21.23
Bobby Portis,SO,2015,Arkansas,SEC,0.575,0.543,12.433,19.033,15.7,9.5,2.1,5.167,9.567,24.933,522.333,3.6,1.9,5.533,6.7,1.9,8.5,PF,81.5,246.2,86,108.5,17,20.37
Tristan Thompson,FR,2011,Texas,Big 12,0.536,0.546,14,13.7,13.8,8.1,1.8,7.2,12.7,22.4,475,2.8,2.7,5.5,4.4,4.5,8.9,PF,79.5,227.4,85.25,108.5,12,20.28
Isaiah Whitehead,SO,2016,Seton Hall,Big East,0.511,0.458,1.8,9.8,5.9,33,2.1,4.5,16.4,31.6,624,2.1,2.1,4.2,6,2.9,8.9,PG,75.25,210,80.75,100,11,21.3
Quinn Cook,SR,2015,Duke,ACC,0.583,0.543,1.52,9.073,5.373,20.393,2.127,0.167,11.293,20.167,478.133,3.853,1.6,5.453,5.653,2.287,7.893,PG,72.25,179,76,96.5,30,22.26
Kelly Oubre,FR,2015,Kansas,Big 12,0.555,0.512,6.4,19.2,13.2,8.1,3.3,1.8,12.5,23.1,303,1.7,1.7,3.4,4.7,4.1,8.8,SF,77.75,202.8,86.25,102.5,8,19.54
Thomas Robinson,JR,2012,Kansas,Big 12,0.562,0.542,13.767,32.233,23.233,11.4,1.9,3.567,15.067,28.7,521.667,2.933,2.767,5.733,4.833,3.133,7.933,PF,79.75,244.2,87.25,106,25,21.28
Landry Shamet,SO,2018,Wichita State,AAC,0.646,0.614,1.933,9.4,5.8,26.6,1.4,0.767,13.9,20.067,451.333,3.667,1.4,5.1,6.8,1.9,8.667,PG,76,188.6,78.75,100,171,21.27
Tyler Ennis,FR,2014,Syracuse,ACC,0.511,0.453,2.6,9,5.7,32.3,3.9,0.7,11.9,21.9,480,3.2,2.2,5.5,4.8,3.9,8.7,PG,73,181.5,79.25,98,27,19.84
Richaun Holmes,SR,2015,Bowling Green State,MAC,0.611,0.58,11.457,19.543,15.529,6.386,1.714,11.029,13.814,23.186,383.714,2.643,2.057,4.643,4,3.157,7.171,PF,80.25,242.8,85.5,108,187,21.69
Cory Jefferson,SR,2014,Baylor,Big 12,0.576,0.547,11.043,21.486,16.314,5.086,0.929,6.4,9.357,22.086,418.286,3.171,1.557,4.743,4.671,2.071,6.757,PF,79.75,218.4,84.5,105,78,23.5
Johnathan Motley,JR,2017,Baylor,Big 12,0.565,0.539,14.114,19.414,16.814,13.471,1,5.071,15.529,27.957,460.714,2.6,1.671,4.271,4.186,2.4,6.614,PF,79.75,238.2,88,108,109,22.14
Georges Niang,SR,2016,Iowa State,Big 12,0.596,0.566,4.533,14.987,10.073,20.2,1.287,1.687,14.433,27.787,598.067,3.347,1.353,4.693,5.68,1.5,7.193,PF,78.75,230.8,82,103,71,23.02
Khem Birch,JR,2014,Nevada-Las Vegas,MWC,0.569,0.51,13.9,20.3,17.2,7.6,1.2,10.9,11.6,18.5,404,2.9,2.6,5.5,3.8,4.8,8.6,PF,79.5,208.8,85,107,11,21.74
R.J. Hunter,JR,2015,Georgia State,Sun Belt,0.575,0.508,2.443,13.7,8.257,16.471,3.514,3.486,9.871,28.029,601.714,4.186,2.1,6.286,6.1,1.214,7.314,SG,76.5,185,82.5,104,174,21.67
Malcolm Thomas,SR,2011,San Diego State,MWC,0.567,0.539,11.6,19.6,15.7,14.2,1,7,17.2,20.8,446,3,2.6,5.7,4.1,4.5,8.6,PF,79.5,223,84.5,107.5,171,22.62
Kenneth Faried,SR,2011,Morehead State,OVC,0.619,0.623,20,31.4,25.6,7.4,3.4,8.8,15.8,24.5,588,4.7,3.6,8.3,6.2,2.3,8.5,PF,78,224.6,84,108,171,21.59
Jamaal Franklin,JR,2013,San Diego State,MWC,0.545,0.473,6.5,27.533,16.833,18.033,2.567,2.5,17.3,30.467,536,2.567,2.567,5.133,4.167,3.433,7.6,SG,76,190.8,83.25,103.5,151,21.94
Aaron Harrison,SO,2015,Kentucky,SEC,0.528,0.482,2.033,8.733,5.6,11.267,2.467,0.7,9,22.867,423,2.767,2.3,5.167,3.7,4.167,7.9,SG,76.5,209.2,80.25,100.5,6,20.66
Darius Miller,SR,2012,Kentucky,SEC,0.596,0.568,4.567,9,6.9,13.133,1.8,2,14.6,18.633,388.333,2.933,1.7,4.633,4.567,3.333,7.833,SF,78,233.4,81,101,36,22.27
Bradley Beal,FR,2012,Florida,SEC,0.575,0.525,4.8,20.3,12.3,12.7,2.5,2.6,14.3,23,522,3.6,2.1,5.7,5.4,2.9,8.4,SG,75.25,201.8,80,100,4,19
Allen Crabbe,JR,2013,California,Pac-12,0.569,0.531,3.229,16.5,10.014,14.486,1.571,1.814,12.329,24.6,497.857,3.071,1.771,4.857,5.7,2.243,7.971,SG,77.25,197.4,83.25,103.5,72,21.22
Michael Gbinije,SR,2016,Syracuse,ACC,0.557,0.537,3.586,9.943,6.757,23.343,3.157,1.214,15.271,21.943,484.714,2.686,1.9,4.586,4.114,3.529,7.614,SG,77.5,204.6,79.5,101,29,24.05
Aaron Gordon,FR,2014,Arizona,Pac-12,0.503,0.516,10.4,19.3,14.9,13,1.8,3.4,10.5,23.2,469,2.1,3.3,5.4,3.7,4.7,8.4,PF,79.5,220.1,83.75,105,3,18.78
Andrew Harrison,SO,2015,Kentucky,SEC,0.523,0.436,2.133,8.1,5.3,25.267,2,0.833,17.233,21.333,416.333,2.333,2.133,4.467,2.933,3.467,6.4,PG,76.5,213.2,81,100,4,20.66
Orlando Johnson,SR,2012,UC Santa Barbara,Big West,0.573,0.533,5.9,14.6,10.433,20.733,2.067,2.2,12.6,31.4,588.667,4.1,1.3,5.4,7.067,-0.067,7,SG,75.75,223.8,83.25,99,161,23.3
Jeremy Lamb,SO,2012,Connecticut,Big East,0.582,0.553,3.667,12.2,8.033,10.833,2.033,1.867,11.633,22.7,488,3.6,1.4,5,5.567,2.367,8,SG,76,179.2,83,102,89,20.08
Adreian Payne,SR,2014,Michigan State,Big Ten,0.604,0.563,8.573,22.893,15.94,7.827,1.44,5.1,14.973,24.827,367.267,2.353,1.773,4.087,4.3,2.973,7.273,PF,81,238.5,88,109,21,23.35
C.J. Wilcox,SR,2014,Washington,Pac-12,0.578,0.539,2.973,10.853,6.793,13.253,1.753,2.707,9.907,24.44,487.333,3.347,0.967,4.253,6.66,1.407,8.053,SG,75.5,201,81.75,100.5,148,23.49
Kay Felder,JR,2016,Oakland,Horizon,0.557,0.486,2.186,11.229,6.7,45.543,2.771,0.557,17,28.543,791.143,4.771,1.086,5.829,5.343,0.071,5.414,PG,68.25,177.2,74.5,88.5,261,21.24
Daniel Gafford,SO,2019,Arkansas,SEC,0.633,0.642,11.133,21.667,16.433,6,1.633,9.633,13.533,25.3,442.667,2.7,1.633,4.3,5.133,2.667,7.8,PF,81.25,237.6,86.5,110,36,20.72
Solomon Hill,SR,2013,Arizona,Pac-12,0.585,0.545,7.386,15.957,11.657,16.8,2.029,1.586,17.271,20.971,445,3.029,1.843,4.871,4.786,2.714,7.5,SF,77.5,226,81,103,48,22.28
Chandler Parsons,SR,2011,Florida,SEC,0.551,0.546,7.3,19.3,13.4,21.6,1.7,1.3,18,19.2,440,2.7,2.2,5,5.1,3.2,8.3,SF,80.75,221.2,81.5,104.5,40,22.66
DeAndre Bembry,JR,2016,Saint Joseph's,A-10,0.531,0.506,4.357,17.286,10.9,23.186,2.4,2.457,13.057,25.086,575.714,2.643,2.3,4.9,4.086,2.871,6.986,SG,76.25,206.6,81.25,101,251,21.97
Ben Bentil,SO,2016,Providence,Big East,0.549,0.494,9.833,15.867,12.733,7.233,1.2,2.733,11.5,25.633,515,2.9,1.6,4.5,4.333,1.467,5.8,PF,79.25,229.2,85.5,105,87,21.24
Jake Layman,SR,2016,Maryland,Big Ten,0.603,0.565,4.827,14.607,10.12,8.073,1.92,3.14,14.84,19.42,373.333,2.233,1.88,4.113,4.16,3.02,7.22,SF,80,208.6,81.25,102,65,22.3
Ivan Rabb,SO,2017,California,Pac-12,0.573,0.537,10.867,24.267,17.7,9.467,1.233,3.567,14,22.533,425.333,2.433,2.333,4.767,3.533,3.467,7,PF,80.75,219.6,85.5,109,8,20.38
Pascal Siakam,SO,2016,New Mexico State,WAC,0.584,0.552,13.433,21.667,17.767,11.4,1.7,6.3,11.767,26.467,576,4.1,3.067,7.167,4.933,2.4,7.3,PF,80.25,226.6,87.25,107.5,253,22.38
Steven Adams,FR,2013,Pittsburgh,Big East,0.555,0.571,15.3,21,18,5.4,1.9,11.2,14.4,17.7,228,1.6,1.9,3.5,4,4.2,8.1,C,82.75,254.5,88.5,109.5,5,19.94
Alec Burks,SO,2011,Colorado,Big 12,0.574,0.495,9.2,14.8,12.1,19.6,2,1,12.7,32.3,771,5.6,1,6.6,8,0,8.1,SG,77,192.6,82,103.5,199,19.93
Isaiah Canaan,SR,2013,Murray State,OVC,0.594,0.543,2.329,9.514,5.886,25.414,2.471,0.343,14.9,28.671,592.429,4.357,1.486,5.9,5.6,0.2,5.8,PG,71,188.4,76.5,94.5,199,22.1
Rakeem Christmas,SR,2015,Syracuse,ACC,0.597,0.567,10.2,18.053,14.087,7.593,1.56,9.547,15.06,19.727,353.133,2.267,1.993,4.313,2.573,4.12,6.713,PF,80.25,242.6,89.25,110.5,26,23.56
Josh Okogie,SO,2018,Georgia Tech,ACC,0.55,0.479,6.733,13.233,10.067,14.433,2.733,2.7,13,27.4,463,2.167,1.6,3.767,4.767,2.467,7.3,SG,75,210.8,84,102,222,19.8
Isaiah Thomas,JR,2011,Washington,Pac-10,0.563,0.517,2.5,9.5,6,32.7,2.3,0.2,16.6,26.2,625,4,1.5,5.5,6.2,1.9,8.1,PG,68.75,186,73.75,91.5,104,22.37
Pat Connaughton,SR,2015,Notre Dame,ACC,0.599,0.579,3.98,19.42,12.053,10.447,1.353,2.08,9.807,17.407,397.8,3.16,1.553,4.727,5.653,1.613,7.267,SG,76,215,80,96,136,22.46
Trey Lyles,FR,2015,Kentucky,SEC,0.543,0.496,9.9,16.1,13.3,9.2,1.4,2.1,12.4,20.8,308,2.1,2.3,4.4,3.9,4.1,8,PF,81,241.2,85.5,108,13,19.64
Coby White,FR,2019,North Carolina,ACC,0.556,0.516,1.3,11.3,6.4,24.4,2,1.3,15.5,26.8,538,2.4,1.7,4.1,5.2,2.8,8,PG,75.5,191.4,77,97.5,21,19.34
Tony Bradley,FR,2017,North Carolina,ACC,0.59,0.573,18.6,19,18.8,7.2,1,4.4,9.9,20.7,270,2.1,1,3.1,5.6,2.3,7.9,C,81.25,248.8,89,112.5,30,19.45
Isaiah Roby,JR,2019,Nebraska,Big Ten,0.554,0.519,7.143,17.686,12.443,12.371,2.086,6.643,17.586,19.414,333,1.486,1.8,3.243,2.129,3.986,6.143,PF,79.25,214,85,106,149,21.37
Terrence Ross,SO,2012,Washington,Pac-12,0.557,0.536,4.9,16.9,10.667,9.333,2.133,2.667,10.967,23.933,417.333,2.567,1.5,4.1,4.867,2.633,7.5,SG,78,196.6,79.25,100.5,32,21.39
Hollis Thompson,JR,2012,Georgetown,Big East,0.593,0.577,5.867,16.4,11.4,9.067,1.633,1.767,12.233,20.7,334,2.367,1.567,4.033,4.767,2.267,6.967,SF,78.75,206,81.5,102.5,66,21.24
D.J. Wilson,JR,2017,Michigan,Big Ten,0.628,0.605,6.6,16.5,11.6,8.5,1.1,5.2,11.2,18.3,405,3.2,1.6,4.8,5.4,2.5,7.9,PF,80.75,234.4,87,109.5,159,21.34
Deyonta Davis,FR,2016,Michigan State,Big Ten,0.601,0.598,13.5,19,16.5,7.5,0.8,10.2,12.1,19.3,242,1.7,1.6,3.3,3.4,4.5,7.8,PF,81.25,237.2,86.5,108.5,28,19.56
Kevin Huerter,SO,2018,Maryland,Big Ten,0.611,0.592,3.367,13.933,9.033,19.467,1.367,2.2,16.6,19.967,406,2.533,1.633,4.067,5.233,2.5,7.733,SG,78.25,194,79.5,101.5,63,19.82
Tyler Lydon,SO,2017,Syracuse,ACC,0.601,0.557,7.333,18.3,13,9.733,1.9,5.467,13.467,17.5,413.667,2.9,1.867,4.767,4.333,2.933,7.267,PF,80.25,215,84,107.5,71,21.2
Terence Davis,SR,2019,Mississippi,SEC,0.544,0.515,5,17.729,11.443,20.114,2.686,2.6,15.629,27.371,472.714,1.871,1.371,3.243,4,2.214,6.157,SG,75,192.4,80.75,101,211,22.09
Demetrius Jackson,JR,2016,Notre Dame,ACC,0.577,0.536,3.414,8.186,5.9,20.986,2.157,0.743,14.014,21.314,494.571,3.471,0.786,4.257,4.586,1.043,5.686,PG,72,193.8,77.5,93,28,21.79
Michael Kidd-Gilchrist,FR,2012,Kentucky,SEC,0.57,0.511,10.3,17.3,14,10.8,1.9,2.8,17.3,20.6,497,3.4,2.6,6,4.1,3.6,7.7,SF,77.75,232.8,84,104.5,3,18.75
Terance Mann,SR,2019,Florida State,ACC,0.603,0.573,8.573,13.733,11.187,14.813,1.52,1.087,15.133,17.713,408.333,2.78,1.593,4.373,4.48,2.533,7.02,SG,76.75,204.6,79.75,101,97,22.67
Thomas Bryant,SO,2017,Indiana,Big Ten,0.635,0.604,10.167,17.833,14.233,9.233,1.467,5.167,17.467,22.167,406,2.633,1.367,4,4.3,2.367,6.667,PF,81.5,247.8,90,112.5,22,19.89
Cody Martin,SR,2019,Nevada,MWC,0.585,0.553,4.033,11.933,8.1,25.267,2.333,2.967,15.1,18.3,494.333,3.233,2.233,5.467,3.833,3.4,7.2,PG,76.75,192.2,82.25,102.5,74,23.73
Patrick McCaw,SO,2016,Nevada-Las Vegas,MWC,0.572,0.544,3.367,11.233,7.367,21.267,3.633,1.133,14.967,20.067,424.333,2.2,1.967,4.233,3.333,3,6.333,PG,77.25,180.8,82,100.5,222,20.66
Wesley Iwundu,SR,2017,Kansas State,Big 12,0.552,0.503,4.447,16.613,10.627,22.08,2.007,1.393,19.033,21.067,398.667,1.813,1.607,3.42,3.073,2.747,5.82,SG,77.5,193.4,85,105.5,249,22.51
Julius Randle,FR,2014,Kentucky,SEC,0.567,0.505,13.3,24.7,19.2,10,1,2.6,16.1,25.4,599,3.5,2.4,5.9,5.4,2.1,7.5,PF,79.75,249.7,84,105.5,2,19.57
Kadeem Allen,SR,2017,Arizona,Pac-12,0.563,0.516,1.4,13.333,7.8,20.333,2.867,2.567,19.1,18.433,330.333,1.567,1.9,3.533,2.167,5.033,7.2,PG,73,192.4,81.25,99.5,261,24.43
Brandon Davies,SR,2013,Brigham Young,WCC,0.565,0.524,8.329,22.557,15.2,15.771,2.514,4.043,14.886,28.071,538.429,2.9,2.057,4.957,3.343,2.871,6.214,PF,80.5,241.8,85.5,108.5,199,21.92
Kris Joseph,SR,2012,Syracuse,Big East,0.545,0.498,5.067,12.267,8.8,10.1,2.667,2.233,11.933,22.767,458,2.9,2,4.933,4.333,2.5,6.867,SG,78,215,83,104,59,23.53
Jalen McDaniels,SO,2019,San Diego State,MWC,0.564,0.526,8.367,23,15.833,13.033,2.033,2.1,13.067,25.233,454.667,2.067,2.067,4.167,2.6,2.067,4.667,SF,80.25,191.6,84.25,105.5,159,21.38
Eric Paschall,SR,2019,Villanova,Big East,0.591,0.553,5.8,14.729,10.3,11.457,1.414,1.929,14.914,21.557,476.429,2.914,1.571,4.486,3.486,1.857,5.343,SF,78,254.4,87.75,103.5,136,22.62
Harrison Barnes,SO,2012,North Carolina,ACC,0.525,0.487,7,12.2,9.633,7.967,1.8,1.2,11.033,27.6,555.333,2.9,1.867,4.767,4.667,2.3,6.967,SF,79,227.8,83.25,101.5,1,20.08
Tobias Harris,FR,2011,Tennessee,SEC,0.54,0.489,7.5,20.6,14,10.4,1.4,3.4,11.4,27.2,476,2.9,1.5,4.4,5.5,1.8,7.3,SF,78.5,222.8,83,103.5,6,18.94
Doron Lamb,SO,2012,Kentucky,SEC,0.626,0.585,1.7,7.333,4.7,9.633,1,0.333,10.033,19.833,460.333,4.233,1.467,5.7,4.967,1.9,6.933,SG,75.25,199.4,78.75,98.5,25,20.64
Ray McCallum,JR,2013,Detroit Mercy,Horizon,0.564,0.518,4.043,13.7,8.557,24.971,2.914,1.3,12.771,24.071,582.286,4.129,1.314,5.443,5.314,0.814,6.029,PG,72.25,191.4,75.25,96.5,24,22.04
Jordan Poole,SO,2019,Michigan,Big Ten,0.576,0.54,0.8,10.433,5.733,11.733,2.2,0.9,11.833,22.467,354.333,1.8,2.133,3.933,3.133,4.1,7.233,SG,75.5,190.8,78.75,99.5,89,20
Wayne Selden,JR,2016,Kansas,Big 12,0.546,0.528,3.543,8.314,6.043,16.657,1.343,1.243,15.243,21.586,429.571,2.014,1.457,3.471,3.943,2.171,6.057,SG,76.25,232.4,82.5,101,13,21.73
Peyton Siva,SR,2013,Louisville,Big East,0.509,0.456,1.343,8.971,5.1,34.6,3.971,0.557,23.243,20.314,438.857,1.729,2.714,4.443,1.4,4.314,5.729,PG,71.5,180.6,75,93,31,22.67
Rodney Hood,SO,2014,Duke,ACC,0.59,0.55,2.9,11.7,7.2,13.2,1.3,0.8,10.2,23.8,507,3.6,1.2,4.9,6.3,0.9,7.2,SF,79.25,208.2,80.5,103,27,21.68
Meyers Leonard,SO,2012,Illinois,Big Ten,0.584,0.552,7.6,21.533,14.367,7.7,0.967,6.333,20.2,20.6,293.333,1.867,1.333,3.133,0.233,3.333,3.6,C,83.75,249.8,87,108,29,20.33
Tony Snell,JR,2013,New Mexico,MWC,0.569,0.529,1.814,9.614,5.729,19.486,1.343,1.743,15.614,20.971,348.143,1.957,1.429,3.4,3.914,1.943,5.886,SF,78,198.2,83.5,105.5,151,21.63
Tyshawn Taylor,SR,2012,Kansas,Big 12,0.567,0.532,0.933,7.167,4.167,28.933,2.3,0.7,21.233,24.9,549.333,2.633,1.933,4.567,4.033,2.267,6.3,PG,74.75,177,78.25,97.5,75,22.21
Jamel Artis,SR,2017,Pittsburgh,ACC,0.586,0.548,5.213,13.187,9.24,20.107,0.94,1.02,14.82,25.527,482.733,2.847,0.74,3.6,5.767,0.353,6.12,SG,77.5,213.2,82,105,192,24.44
Anthony Brown,SR,2015,Stanford,Pac-12,0.57,0.529,3.807,16.82,10.36,13.013,1.387,0.567,13.953,20.54,446,2.793,1.607,4.333,4.047,1.72,5.767,SF,77.75,211,83,104.5,60,22.7
Kim English,SR,2012,Missouri,Big 12,0.606,0.578,2.933,12.533,7.767,10.067,2.433,1.033,14.333,20.7,405.333,2.767,1.267,4.033,4.067,1.133,5.2,SG,76.5,192,78.5,98,158,23.76
Tyler Honeycutt,SO,2011,UCLA,Pac-10,0.519,0.483,5.3,17.8,11.9,16.8,1.5,5.5,19.8,22.3,415,1.2,2.1,3.3,3.6,3.5,7.1,SF,78.75,186.8,81,105,34,20.94
Alan Williams,SR,2015,UC Santa Barbara,Big West,0.537,0.483,14.487,29.567,22.153,11.4,2.293,7.66,10.647,32.34,452.133,2.727,1.967,4.693,4.787,1.447,6.22,PF,79.25,261.4,85.75,106.5,187,22.4
Cliff Alexander,FR,2015,Kansas,Big 12,0.598,0.566,13.3,19.9,16.8,5.4,0.6,7.7,14.4,20.1,192,1.3,1,2.3,3.7,3.3,7,PF,79.25,239.2,87.5,109.5,2,19.61
Kevon Looney,FR,2015,UCLA,Pac-12,0.532,0.505,12.2,21,16.6,9.1,2.5,3.3,10.3,19.7,428,2.8,2,4.8,4.7,2.3,7,PF,80,222.4,87.5,110,10,19.38
Phil Pressey,JR,2013,Missouri,SEC,0.504,0.46,2.529,9.3,5.986,35.171,3.629,0.2,22.186,21.371,443.714,2.086,1.471,3.557,3.514,2.157,5.643,PG,69.5,177,74.25,92,52,22.36
Gary Trent,FR,2018,Duke,ACC,0.567,0.528,2.9,10.3,6.8,6.8,1.9,0.4,7.4,19.5,468,3.3,1.8,5.1,4.4,2.6,7,SG,76.25,204.2,80.75,98,18,19.42
Quincy Acy,SR,2012,Baylor,Big 12,0.618,0.566,11.1,19.467,15.367,6.433,1.8,6.167,16.5,19.733,416,3.1,1.967,5.133,3.2,3.067,6.333,PF,78.5,223.8,86.75,106.5,129,21.73
Collin Sexton,FR,2018,Alabama,SEC,0.567,0.498,4.1,9.8,7,27.8,1.6,0.3,14.2,32.9,622,3.2,1.2,4.4,5.8,1.1,6.9,PG,72.5,183,79.25,98.5,7,19.46
Jabari Brown,JR,2014,Missouri,SEC,0.622,0.559,1.7,11.5,7,12.2,1,0.4,12.7,26.1,630,4.6,1.1,5.8,6.5,0.2,6.8,SG,75,201.9,80.25,100,14,21.52
Lorenzo Brown,JR,2013,NC State,ACC,0.513,0.459,2.543,12.343,7.5,34.5,3.2,1.529,21.514,22.229,481.286,2.171,1.357,3.529,3.3,2.171,5.443,PG,76,189.2,79,100,46,22.84
Tyler Dorsey,SO,2017,Oregon,Pac-12,0.596,0.562,4.067,10.133,7.233,11.167,1.5,0.5,12.1,22.7,494,3.233,1.6,4.8,4.767,1.333,6.133,SG,75,182.6,77.25,99.5,24,21.35
Darius Johnson-Odom,SR,2012,Marquette,Big East,0.561,0.523,2.167,9.933,6,17.333,1.6,0.5,12.567,27.233,541,3,1.333,4.433,4.967,1.2,6.167,SG,73.5,212,79,96,161,22.75
Alex Len,SO,2013,Maryland,ACC,0.57,0.535,13.2,21,17.2,7.8,0.5,8,13.1,22.8,434,3,2,5,3.6,3.2,6.8,C,83.5,255,87.5,109.5,187,20.03
Scott Machado,SR,2012,Iona,MAAC,0.57,0.526,3.033,12.9,7.9,42.533,2.4,0.567,22.067,21.3,592.667,3.833,1.467,5.3,4.4,0.633,5.033,PG,73,205.8,76,94.5,161,22.06
Elfrid Payton,JR,2014,Louisiana,Sun Belt,0.536,0.505,5.757,12.971,9.257,32.357,3.586,1.657,19.286,26.214,620,2.829,1.743,4.571,3.257,1.657,4.914,PG,74.5,185.4,80,98.5,187,20.34
Dwight Powell,SR,2014,Stanford,Pac-12,0.531,0.477,7.413,21.06,14.053,16.84,2.167,3.24,17.373,24.947,462,1.82,1.88,3.7,2.26,3.16,5.44,PF,81.5,234.4,84.5,105,34,22.93
Henry Sims,SR,2012,Georgetown,Big East,0.539,0.501,8.4,18.633,13.767,23.6,1.4,5.333,22.1,23.6,322,1.433,1.533,2.967,1.767,3.933,5.633,C,82,241.2,88,108,55,22.26
Trey Thompkins,JR,2011,Georgia,SEC,0.536,0.51,7.3,20.4,14.2,11.1,2.2,5.7,14.2,29.9,433,1.9,2,3.8,3.9,2.9,6.8,PF,80.5,239,85,107.5,26,21.09
Jared Cunningham,JR,2012,Oregon State,Pac-12,0.571,0.5,3.633,9.7,6.567,15.667,4.567,1.1,15.7,25.5,542,3.033,1.467,4.5,3.367,2.2,5.567,SG,75.5,187.6,78.5,98,139,21.1
Keldon Johnson,FR,2019,Kentucky,SEC,0.558,0.521,5.5,16.5,11.3,10.4,1.5,0.6,11.8,22.7,466,2.9,2,4.9,4.1,2.6,6.7,SG,76.75,216.4,81.25,104,12,19.69
Troy Williams,JR,2016,Indiana,Big Ten,0.583,0.548,7.814,19.314,13.757,13.4,2.371,2.543,18.743,24.829,408.286,2.129,1.386,3.557,3.614,2.386,6.057,SF,77.75,217.8,80.25,102,50,21.48
Shelvin Mack,JR,2011,Butler,Horizon,0.537,0.496,2.6,14.4,8.4,24.9,1.5,0.3,14.1,28.6,593,3.3,1.6,5,5.6,1,6.6,PG,73,209,79.5,96.5,161,21.17
Kendall Marshall,SO,2012,North Carolina,ACC,0.546,0.511,0.567,7.833,4.233,43.633,2.133,0.433,28.333,14.533,384,2.1,1.7,3.8,3.333,2.9,6.233,PG,75.25,198.4,77.5,96,28,20.86
Sviatoslav Mykhailiuk,SR,2018,Kansas,Big 12,0.576,0.562,3.729,8.6,6.257,11.671,1.814,0.943,11.9,19.743,428.286,2.443,1.3,3.743,4.114,2.114,6.286,SG,78.5,211.6,76.75,100,253,21.03
Noah Vonleh,FR,2014,Indiana,Big Ten,0.604,0.56,10.8,27.3,19.4,4.9,1.9,5.4,18.6,21.4,321,1.6,2,3.6,2.9,3.7,6.6,PF,80,247.1,88.25,108,10,18.84
Cory Joseph,FR,2011,Texas,Big 12,0.526,0.503,2.2,9.5,6,17.3,1.9,0.9,13.1,17.3,372,2.2,2.2,4.4,2.7,3.8,6.5,PG,74,186.2,77.5,99,13,19.84
Romeo Langford,FR,2019,Indiana,Big Ten,0.542,0.491,4.8,12.8,8.9,14.2,1.3,2.7,12.2,26.1,508,2.4,1.6,4,4.6,1.9,6.5,SG,76.5,210,83,103,6,19.65
Norman Powell,SR,2015,UCLA,Pac-12,0.552,0.515,2.02,12.033,7.033,11.893,2.9,1.687,12.453,22.04,420.267,2.12,1.573,3.693,2.493,2.913,5.34,SG,75,215.4,82.75,102.5,55,22.08
Jerami Grant,SO,2014,Syracuse,ACC,0.535,0.493,9.067,16.533,12.667,8.233,1.733,2.967,11.2,19.3,304.667,2.133,1.667,3.733,2.933,2.733,5.667,SF,78.5,214,86.75,107,44,20.29
Kyle Singler,SR,2011,Duke,ACC,0.536,0.491,8,13.3,10.8,8.8,1.5,0.8,10.7,24.7,598,3.7,2.5,6.1,4.6,1.8,6.4,SF,79.5,228,82.1,106,6,23.13
Kyle Kuzma,JR,2017,Utah,Pac-12,0.559,0.54,9.929,21.271,16.014,14.443,0.9,1.743,14.429,26.143,397.143,2.086,1.443,3.486,3.714,0.914,4.629,SF,80,222.6,84.25,107.5,253,21.91
Darius Morris,SO,2011,Michigan,Big Ten,0.545,0.509,3.2,10.8,7,44.2,1.9,0.1,17.6,27.3,609,3.8,1.5,5.3,4.5,1.8,6.3,PG,75.25,190,79.5,102,115,20.47
Jordan Williams,SO,2011,Maryland,ACC,0.552,0.538,12.6,26,19.5,3.9,1.2,4.1,9.5,24.5,512,3.1,2.6,5.7,4.3,2,6.3,PF,79.75,247.2,84.25,106.5,99,20.7
Malik Beasley,FR,2016,Florida State,ACC,0.583,0.541,5,15.1,10.1,9.8,1.8,0.6,11.5,24.2,483,2.9,1.1,4,5.2,1,6.2,SG,75.5,189.8,79,100.5,36,19.57
Damian Jones,JR,2016,Vanderbilt,SEC,0.578,0.576,9.8,16.957,13.657,7.929,0.729,6.329,14.486,26.771,416.429,1.943,1.714,3.671,2.357,2.371,4.786,C,82.25,243.6,87.75,107,91,20.98
Miles Plumlee,SR,2012,Duke,ACC,0.593,0.581,15.533,22.333,18.967,4.7,1.6,3.6,18.067,15.9,228.667,1.6,1.267,2.9,2.967,2.367,5.333,PF,82.5,252.4,84.75,105.5,82,23.82
James Young,FR,2014,Kentucky,SEC,0.536,0.498,3.7,11,7.5,10.8,1.4,0.6,12.3,23.4,527,3,1.7,4.7,4.2,1.9,6.1,SG,77.25,213.3,84,104,11,18.86
Carrick Felix,SR,2013,Arizona State,Pac-12,0.557,0.529,6.171,15.871,11.071,10.329,2.257,3.1,15.429,21.057,376.857,1.986,1.457,3.443,2.129,1.371,3.529,SF,76.75,202.6,81.25,103.5,199,22.86
Andrew Goudelock,SR,2011,College of Charleston,Southern,0.575,0.549,2.3,9.9,6.3,26.4,1.5,0.5,13.5,34.5,830,5.3,1.2,6.5,7.4,-1.4,6,PG,73.25,197.6,76.25,96.5,171,22.54
Aaron Holiday,JR,2018,UCLA,Pac-12,0.594,0.547,1.629,8.8,5.429,27.043,2.071,0.686,19.229,24.529,574.143,2.9,1.129,4.029,3.957,1.014,4.957,PG,71.75,187,79.5,97,53,21.72
DeAndre Liggins,JR,2011,Kentucky,SEC,0.523,0.492,2.2,11.8,7.2,14.2,2.3,2.3,14.9,15.8,338,1.8,2.1,3.9,1.4,4.5,5.9,SF,77,202.2,83,103.5,35,23.23
Diamond Stone,FR,2016,Maryland,Big Ten,0.61,0.568,12.4,14.5,13.6,4.2,1.3,7.1,12.9,26.7,407,2.6,1.5,4.1,3.8,2,5.8,C,81,254.4,86.75,108.5,6,19.36
Dwayne Bacon,SO,2017,Florida State,ACC,0.536,0.501,4.467,13.8,9.233,11.2,1.9,0.3,11.8,29.2,528,2.233,1.267,3.5,3.867,0.767,4.567,SG,76.75,221.6,82,103.5,16,21.81
Nicolas Claxton,SO,2019,Georgia,SEC,0.523,0.49,9.933,19.167,14.833,9,1.467,8.467,14.833,20.133,321.333,1.367,1.433,2.8,1.4,3.367,4.8,C,82,216.6,86.5,110,250,20.18
Brandon Knight,FR,2011,Kentucky,SEC,0.553,0.508,2.2,10.2,6.3,23.4,1.1,0.6,16.8,27,652,3.6,1.8,5.3,4.5,0.9,5.5,PG,73.5,176.8,78.75,98.5,5,19.56
Keith Benson,SR,2011,Oakland,Summit,0.584,0.558,9.5,24.1,17.2,6.2,1.4,9.8,10.9,24.9,579,4,1.7,5.7,3.6,1.9,5.4,C,82,217,87.75,109.5,171,22.86
Dewayne Dedmon,JR,2013,Southern California,Pac-12,0.524,0.5,11.7,26.6,18.9,5.8,2.9,10,19.8,18.5,213,0.6,1.6,2.2,0.2,5.2,5.4,C,82,238.8,88,109,151,23.87
Alex Kirk,JR,2014,New Mexico,MWC,0.54,0.509,9.171,21.971,15.871,6.2,0.814,7.786,12.471,22.371,358.714,1.729,2.014,3.686,1.686,2.557,4.229,PF,81.25,252,87.5,109.5,103,22.61
Fab Melo,SO,2012,Syracuse,Big East,0.576,0.58,10.9,14.3,12.7,4.8,1.433,11.6,20.7,15.833,182.667,1.033,1.2,2.233,-0.667,4.267,3.6,C,82.75,255,86.5,110,15,22.02
Quincy Miller,FR,2012,Baylor,Big 12,0.541,0.485,7.5,17.5,12.5,11.6,1.7,2.9,15.4,23.9,377,2.1,1.3,3.5,3.4,1.9,5.3,SF,80.75,218.7,85.25,105,5,19.61
Jarrett Allen,FR,2017,Texas,Big 12,0.571,0.566,10.9,18.9,14.9,5.7,1,5,17.8,22.6,428,1.5,1.7,3.3,2.6,2.6,5.2,C,81,233.6,89.25,109.5,18,19.17
Semaj Christon,SO,2014,Xavier,Big East,0.53,0.485,1.2,8.3,4.867,27.6,2.467,0.667,16,27.867,533.333,2.233,1.3,3.6,2.9,1.5,4.4,PG,73.5,186,78.5,99,36,21.65
Perry Jones,SO,2012,Baylor,Big 12,0.552,0.527,10.6,18.467,14.567,8.467,1.367,2.4,13.367,22.733,413.333,2.6,1.6,4.133,3.4,1.367,4.767,PF,82.25,233.8,85.75,107,7,20.76
Arnett Moultrie,JR,2012,Mississippi State,SEC,0.61,0.561,12.2,23.5,17.7,7,1.4,2.1,15.3,23.3,479,3.6,1.4,5,4.8,0.4,5.2,PF,81.5,232.8,86.25,106.5,199,21.61
Lonnie Walker,FR,2018,Miami (FL),ACC,0.527,0.503,1.7,9.2,5.5,13,2,1.8,9.6,22.4,344,1.6,1.3,2.8,2.9,2.3,5.2,SG,75.75,196.2,82.25,99.5,16,19.52
Frank Jackson,FR,2017,Duke,ACC,0.598,0.564,3.1,8.3,5.8,12.6,1.3,0.2,12.9,21.1,371,2.4,0.9,3.3,3.7,1.4,5.1,PG,74,201.6,79.5,98,14,19.13
Kevin Knox,FR,2018,Kentucky,SEC,0.556,0.51,3.3,14.5,9.3,8.7,1.5,1,14.1,24.6,518,2.3,1.7,4,3.3,1.8,5.1,SF,79.75,212.6,83.75,108,10,18.86
Nassir Little,FR,2019,North Carolina,ACC,0.549,0.504,9.2,16.8,13,6.4,1.5,3.3,13,25.2,323,1.4,1.2,2.7,2.9,2.2,5.1,SF,76.5,224.2,85.25,104.5,4,19.35
Kyle O'Quinn,SR,2012,Norfolk State,MEAC,0.616,0.58,11.933,27.3,19.567,9.733,1.2,9.633,15.9,24.3,528.333,3.6,2.233,5.833,3.2,1.267,4.5,PF,80.5,240.8,88.75,106.5,161,22.26
Christian Wood,SO,2015,Nevada-Las Vegas,MWC,0.55,0.506,9.367,21.4,15.733,7.833,0.9,7.733,13.433,24.2,375.333,1.967,1.833,3.8,2.333,2.133,4.467,PF,81.25,216,87.25,111.5,48,19.74
Marquese Chriss,FR,2016,Washington,Pac-12,0.585,0.561,9.8,11.6,10.7,6.3,1.9,5.8,14.7,24.1,427,1.9,1.2,3.1,2.8,2.2,4.9,PF,80.75,233,84.25,105,56,18.98
Andre Drummond,FR,2012,Connecticut,Big East,0.509,0.538,14.2,17,15.6,3.4,1.8,9.9,13.5,20.9,328,1.4,1.5,2.9,2,2.9,4.9,C,81.75,278.6,90.25,109.5,187,18.88
Jaylen Nowell,SO,2019,Washington,Pac-12,0.573,0.539,3.533,13.533,8.633,19.767,2.067,0.833,16.567,25.8,555.333,2.567,1.8,4.367,2.733,1.233,3.933,SG,75.25,202.4,79.25,98,63,19.95
Jordan Clarkson,JR,2014,Missouri,SEC,0.547,0.482,2.9,9.3,6.4,23.3,1.9,0.6,14.3,27.9,605,3.2,1.2,4.4,3.8,0.5,4.3,PG,75.25,186.3,80,98,187,22.05
Jordan Mickey,SO,2015,Louisiana State,SEC,0.544,0.515,9.5,19.067,14.467,7.167,1.367,9.467,17.9,23.3,438.333,1.333,2.4,3.8,1.367,3.367,4.733,PF,79,238,87.25,106,38,20.96
Jarell Martin,SO,2015,Louisiana State,SEC,0.561,0.525,8.867,15.867,12.5,9.2,1.867,2.067,15.4,23.267,456.667,2.233,2,4.2,2.733,1.433,4.233,PF,80,238.6,81,106.5,12,21.09
Shabazz Muhammad,FR,2013,UCLA,Pac-12,0.528,0.487,9.9,9.3,9.6,5.8,1.3,0.4,8.6,29.8,520,2.9,0.8,3.7,5.8,-1.1,4.7,SF,76.75,221.8,83,104.5,2,20.62
Tony Wroten,FR,2012,Washington,Pac-12,0.488,0.453,8,10.7,9.3,24.5,3.5,1.2,18.7,31.2,579,1.6,1.6,3.2,2.5,2.2,4.7,PG,76.75,203.2,81,101,16,19.21
Vander Blue,JR,2013,Marquette,Big East,0.513,0.469,4.171,11.229,7.7,14.757,2.257,0.4,17.043,23.129,374.429,1.571,1.186,2.843,1.957,1.571,3.586,SG,75.5,197.4,78,100.5,30,20.94
Joel Bolomboy,SR,2016,Weber State,Big Sky,0.604,0.558,13.727,28.433,21.653,6.373,1.22,4.12,16.44,23.64,460.133,2.92,2.187,5.107,2.307,0.007,2.313,PF,79.5,224.4,85.75,103.5,174,22.4
Talen Horton-Tucker,FR,2019,Iowa State,Big 12,0.488,0.47,2.9,16.7,10.2,16.2,2.8,2.7,12.4,26.2,403,1,1.7,2.7,1.7,2.5,4.2,SG,74.5,235.4,85.25,103,67,18.57
Maurice Harkless,FR,2012,St. John's (NY),Big East,0.504,0.472,8.4,20.3,14,9.6,2.6,4.2,14,24.9,476,1.8,1.3,3.2,3,1,4,SF,79.25,206.6,84,102.5,187,19.13
Austin Rivers,FR,2012,Duke,ACC,0.538,0.505,2.2,10,6,13,1.7,0.1,13.9,25.2,488,2.4,1,3.5,3.2,0.8,4,SG,75.5,202.8,79.25,96.5,2,19.91
Henry Ellenson,FR,2016,Marquette,Big East,0.534,0.48,7.8,24.2,16.5,11,1.4,4.4,12.9,26.7,536,2,2,4,2.8,1.1,3.9,PF,82,242,86.25,108,10,19.44
Troy Brown,FR,2018,Oregon,Pac-12,0.532,0.494,5.9,18,12,18.7,2.9,0.8,18.8,21,424,1.5,1.6,3.1,1.4,2.3,3.7,SF,77.75,208,82.25,105,12,18.9
Jaylen Brown,FR,2016,California,Pac-12,0.518,0.471,4.4,16.6,10.8,15.3,1.7,2.2,17.9,31.4,476,1,1.8,2.7,1.1,2.5,3.6,SG,77.25,222.8,83.75,102.5,3,19.66
Malachi Richardson,FR,2016,Syracuse,ACC,0.51,0.465,1.7,12.1,6.9,12.8,2,0.9,14,23.2,458,1.5,1.8,3.3,1.4,2.1,3.5,SG,76.75,199.6,84,101.5,29,20.47
Malcolm Lee,JR,2011,UCLA,Pac-10,0.553,0.497,2.6,7.8,5.3,12.9,1.2,0.6,12.5,20.8,398,2.4,1.1,3.6,2.1,1.2,3.3,SG,76,198.2,81.75,101.5,22,21.09
Luguentz Dort,FR,2019,Arizona State,Pac-12,0.518,0.467,4.4,10,7.3,15.1,2.7,0.8,15.8,27.9,524,1.5,1.6,3.1,1.5,1.6,3.1,PG,74.75,222.2,80.5,99.5,79,20.17
Hamidou Diallo,FR,2018,Kentucky,SEC,0.498,0.47,4.2,11.5,8.1,9.5,1.7,1.6,12,22.6,348,1.1,1.3,2.4,0.6,2.3,2.9,SG,76.25,197,83.5,103,11,19.89
Zach LaVine,FR,2014,UCLA,Pac-12,0.545,0.524,2.4,9.5,6.1,12.6,2.1,0.8,11.6,20.1,324,1.4,1.2,2.5,1.7,1.2,2.9,PG,76.5,180.9,80.25,100,52,19.3
Naz Reid,FR,2019,Louisiana State,SEC,0.544,0.507,10.5,19.2,14.9,6.2,1.5,2.8,16.6,26.4,440,1.7,1.3,3,2.3,0.5,2.8,PF,80.25,255.8,87.25,109,15,19.82
Skal Labissiere,FR,2016,Kentucky,SEC,0.54,0.516,7.3,14.7,11.1,3.6,0.9,10.3,13.1,22.2,214,0.9,1.1,2,-1.3,4,2.6,PF,82.5,215.8,86.5,105.5,2,20.27
Marquis Teague,FR,2012,Kentucky,SEC,0.491,0.449,1.6,7.1,4.5,25.6,1.7,0.8,21.1,20.2,457,1.7,1.8,3.5,0.8,1.4,2.3,PG,73,179.8,79.25,96.5,7,19.33
Archie Goodwin,FR,2013,Kentucky,SEC,0.509,0.464,5.6,11.2,8.5,16.8,2.1,1.4,18.1,27.2,467,1.6,1.5,3.1,1,1.1,2.1,SG,75.75,189,81.5,102,12,18.86
Adonis Thomas,SO,2013,Memphis,CUSA,0.482,0.439,6.1,12,9,12.4,1.3,2.4,11.7,22.9,409,1.7,1.5,3.2,1.4,0.6,2,SF,76.75,231.8,85,99,8,20.26
Kobi Simmons,FR,2017,Arizona,Pac-12,0.5,0.452,1.9,6.1,4.1,15.7,1.6,0.4,12.5,22,319,1.3,1.1,2.4,0.3,1.6,1.8,PG,75.25,166.2,78,99,24,19.97
Stephen Zimmerman,FR,2016,Nevada-Las Vegas,MWC,0.519,0.488,8.8,26.5,17.7,6.4,1.1,7.5,17.1,21.9,264,0.5,1.6,2.1,-0.9,2.3,1.4,C,82.25,234,87.25,108.5,9,19.79
Ike Anigbogu,FR,2017,UCLA,Pac-12,0.564,0.564,13.2,19.9,16.9,2.3,0.7,8.8,16.5,18.4,139,0.6,0.7,1.3,-1.5,2.4,0.9,C,80.5,252.2,90.25,110.5,53,18.67
Kevin Murphy,SR,2012,Tennessee Tech,OVC,0.553,0.519,2.933,16.3,9.533,15.233,1.6,0.7,15.733,31.6,570.333,2.4,1.1,3.567,2.067,-1.867,0.233,SG,77,194,78.75,99,161,22.31
